{
  "date": "2024-11-29T18:04:39.589-0800",
  "pruningType": "None",
  "LRF": 2.5,
  "pruneWithMST": false,
  "pruneSlice": false,
  "burstDetection": false,
  "nodeDegreeWeighted": true,
  "language": "English",
  "FilterByIntrinsicCitations": true,
  "wordsDE": true,
  "tc_upper_bound": 10,
  "usage2013": 50,
  "pruneWithPF": false,
  "beginTime": "2014-JAN",
  "end_month": 11,
  "usage180": 50,
  "minimumThresholdValue": 1,
  "LBY": -1,
  "topNpct": 10,
  "retainTopKconnections": 5,
  "TC_Filter": false,
  "LargestCCsToShow": 30,
  "LCC": 0,
  "version": "6.4.R1 (64-bit) Advanced",
  "topN": 50,
  "MaxLinksPerNode": 10,
  "percentageNodeToLabel": 1,
  "slicelength": 1,
  "wordsTI": true,
  "tc_lower_bound": 5,
  "dataSource": "WoS",
  "selectionMode": 0,
  "pruneMerged": false,
  "begin_month": 0,
  "weightedSilhouette": 0,
  "kLCC": 5,
  "Q": 0,
  "excludedJSON": [],
  "projectTitle": "WS",
  "begin_year": 1982,
  "aliasJSON": {},
  "wordsID": true,
  "topNpctCap": 100,
  "wordsAB": true,
  "timeStamp": "November 29, 2024, 6:04:39\u202fPM PST",
  "dataHomePath": "F:\\GitHub_Local_Repo\\PhD Materials\\Writing Samples\\Bibliometrics\\CiteSpaceProject\\data",
  "linkWeightModificationRate": 0.0010000000474974513,
  "endTime": "2024-DEC",
  "projectHomePath": "F:\\GitHub_Local_Repo\\PhD Materials\\Writing Samples\\Bibliometrics\\CiteSpaceProject",
  "end_year": 2025,
  "burstWeight": 0
}