{
  "NounPhraseWordsMax": 4,
  "Description": "How did you create the dataset?",
  "MaximumGMLNodeLabelLength": 8,
  "FilterByIntrinsicCitations": true,
  "AuthorED": false,
  "MaxLinksToRetain": 2.5,
  "AuthorGP": false,
  "SaveMergedSliceFiles": false,
  "UseC3": true,
  "DimensionsEndpoint": "https://app.dimensions.ai/",
  "ExclusionList": true,
  "ExportMatrix": false,
  "minimumThresholdValue": 1,
  "AliasList": true,
  "PercentageNodesToLabel": 1,
  "BurstWeight": 0,
  "UseAuthorFullname": true,
  "ConceptTreeHome": "C:\\Users\\Amethystium\\.citespace",
  "LookBackTime": 5,
  "MaxLinksPerNode": 10,
  "NormalizeCitations": false,
  "ExportSpace": false,
  "NounPhraseWordsMin": 2,
  "GlobalCheck": false,
  "NodeDegreeWeighted": true,
  "JDIC": true,
  "ExportAbstract": false,
  "LinkWeightModificationRate": 1.0E-11
}