{
  "date": "2025-01-27T21:45:43.594-0800",
  "pruningType": "None",
  "LRF": 0,
  "pruneWithMST": false,
  "pruneSlice": false,
  "burstDetection": false,
  "nodeDegreeWeighted": false,
  "language": "English",
  "FilterByIntrinsicCitations": true,
  "wordsDE": true,
  "tc_upper_bound": 10,
  "usage2013": 50,
  "pruneWithPF": false,
  "beginTime": "2015-JAN",
  "end_month": 11,
  "usage180": 50,
  "minimumThresholdValue": 0,
  "LBY": 0,
  "topNpct": 10,
  "retainTopKconnections": 5,
  "TC_Filter": false,
  "LargestCCsToShow": 30,
  "LCC": 0,
  "version": "6.4.R1 (64-bit) Advanced",
  "topN": 50,
  "MaxLinksPerNode": 0,
  "percentageNodeToLabel": 0,
  "slicelength": 1,
  "wordsTI": true,
  "tc_lower_bound": 5,
  "dataSource": "WoS",
  "selectionMode": 0,
  "pruneMerged": false,
  "begin_month": 0,
  "weightedSilhouette": 0,
  "kLCC": 5,
  "Q": 0,
  "excludedJSON": [],
  "projectTitle": "Burst",
  "begin_year": 1987,
  "aliasJSON": {},
  "wordsID": true,
  "topNpctCap": 100,
  "wordsAB": true,
  "timeStamp": "January 27, 2025, 9:45:43\u202fPM PST",
  "dataHomePath": "F:\\GitHub_Local_Repo\\PhD Materials\\Writing Samples\\Bibliometrics\\Burst\\data",
  "linkWeightModificationRate": 9.999999974752427E-7,
  "endTime": "2025-DEC",
  "projectHomePath": "F:\\GitHub_Local_Repo\\PhD Materials\\Writing Samples\\Bibliometrics\\Burst",
  "end_year": 2025,
  "burstWeight": 0
}